{"cameraMode":{"drawMode":0,"name":"Shaded","section":"Shading Mode"},"sceneLighting":true,"audioPlay":false,"sceneViewState":{"m_AlwaysRefresh":true,"showFog":true,"showSkybox":true,"showFlares":true,"showImageEffects":true,"showParticleSystems":true,"showVisualEffectGraphs":true,"m_FxEnabled":false},"in2DMode":false,"pivot":{"x":660.0425415039063,"y":293.0787048339844,"z":6.738326072692871},"rotation":{"x":0.014994562603533268,"y":-0.025494350120425226,"z":0.00038244485040195286,"w":0.9995617866516113},"size":429.0408630371094,"orthographic":true}